Id,SalePrice
1461,661123.6721365293
1462,212215367.02054635
1463,164253.8649716368
1464,249574.60662963893
1465,334926.8938450804
1466,177543.465306676
1467,444753.66806086805
1468,165821.1621500468
1469,217222.59517846908
1470,117247.63155186083
1471,293869.2277754536
1472,413919.45676797535
1473,535942.7513402766
1474,105094.1694051912
1475,41096.05129478779
1476,308093.6284122458
1477,209911.13396569993
1478,184470.10353468265
1479,429426.1300370684
1480,460777.95343671646
1481,358029.77652715053
1482,188640.85123780277
1483,516488.77741029765
1484,102889.23183110263
1485,119039.61737228837
1486,190178.84405782726
1487,1362472.504468589
1488,299368.3136809459
1489,147649.5081682196
1490,181779.58816029038
1491,215296.87805884983
1492,162598.54908576515
1493,-138297.9237996051
1494,-2485800.7074727276
1495,221123.83246880677
1496,286768.1486535361
1497,39243.78658993449
1498,30416.286746575497
1499,56924.05246257689
1500,45940.799801564775
1501,168860.6628585672
1502,62460.4580903044
1503,882012.8449182203
1504,167514.64315816667
1505,220150.55524173286
1506,263184.47981661465
1507,194611.4765255293
1508,99540.79350270238
1509,70724.83951540198
1510,-13932.610928268172
1511,43221.54509502556
1512,245908.5989887705
1513,-52680.61127548013
1514,366891.21853911784
1515,278034.8866907796
1516,315727.79972602334
1517,-1170100.3303403268
1518,239097.94794447627
1519,-350793.24340687785
1520,-11427.647821203806
1521,66061.84459186997
1522,-42582.509166003205
1523,204119.42364048865
1524,-9309.139858216979
1525,-7398.908777401783
1526,-367766.74044385646
1527,170668.5991683891
1528,-162317.46540901158
1529,59532.46462377813
1530,-618399.656642885
1531,374945.4534862777
1532,34937.130348964594
1533,2121399.3073783806
1534,261579.10156766977
1535,120435.31181061175
1536,94252.96185687091
1537,379436.8729919037
1538,-118814.81876307819
1539,-728919.6175770992
1540,96839.37322506215
1541,86976.2107029995
1542,214487.16144294944
1543,234176.5163298389
1544,154828.95248156693
1545,102254.27986750659
1546,104960.54685015883
1547,-149165.3110111961
1548,220683.1671743458
1549,221655.11278670933
1550,308065.7244081935
1551,127211.49935516622
1552,87633.67748367693
1553,-722710.4823241765
1554,366372.73147112783
1555,236128.31530474033
1556,81647.58882564213
1557,-617150.2634396711
1558,53219.13240201678
1559,-27963.175117344595
1560,-244175.14222198818
1561,74578.33233016636
1562,-333910.2817022214
1563,132044.67745681014
1564,254269.39805909898
1565,-402025.3543287823
1566,5730.394506781362
1567,229285.56015308108
1568,225442.69321542885
1569,-4739963.583388449
1570,-151764.0358975092
1571,1426202.6170098623
1572,77930.29503752198
1573,-53680.1098019192
1574,151654.34550648835
1575,-348558.1960883299
1576,548236.0702669909
1577,193968.8350397041
1578,163000.33416150417
1579,181476.471135973
1580,181187.9930041125
1581,-21234.44891077373
1582,111713.25589460041
1583,448497.5139891049
1584,252768.3537380686
1585,152195.58209559228
1586,391005.12025093194
1587,1550.617481871508
1588,373804.8738914123
1589,513428.4372684201
1590,170736.61926840153
1591,43547.485349579714
1592,443283.0433396837
1593,317795.15235222783
1594,-4043245.910371379
1595,148883.12352064904
1596,390241.0889583668
1597,310980.31581930723
1598,-277308.1631213734
1599,194033.69371431973
1600,145300.9864426693
1601,136376.409121803
1602,452512.21706753876
1603,22388.256056471728
1604,258848.71736499574
1605,225871.08528958168
1606,330692.63451504614
1607,249464.33829572704
1608,235493.1954463711
1609,250346.98612013366
1610,163017.99314939883
1611,195594.88226145413
1612,241430.809684976
1613,223982.43910866883
1614,183608.24519999232
1615,-22615.55549912993
1616,102643.5894637173
1617,223965.0649994081
1618,18940.99481269624
1619,-236179.66472774837
1620,471022.957464396
1621,142498.83006536867
1622,390032.35655528214
1623,101849.8465029588
1624,62616.113628982566
1625,50997.55938142445
1626,156361.19417631533
1627,160640.95431479719
1628,106463.98424369004
1629,540780.8708199104
1630,1092614.0326914033
1631,220914.93565103319
1632,172851.52143649664
1633,153973.75517529156
1634,167469.95839747693
1635,150530.40030395146
1636,151037.62536561396
1637,464401.8470486095
1638,165487.9818895599
1639,242785.53698787
1640,39777.48859450128
1641,347564.9627615502
1642,253623.5238958588
1643,190233.69697955158
1644,362882.0242900541
1645,540712.8787984094
1646,136756.98287358787
1647,174601.57240784075
1648,173031.88148535695
1649,-572.9001068035141
1650,119966.8778980663
1651,64982.02062874939
1652,1240.0405141999945
1653,-894375.2029641429
1654,114065.56629092898
1655,-699736.991257281
1656,69422.41232177522
1657,273443.01588945
1658,124988.36084705498
1659,151945.4218265405
1660,1385227.850860267
1661,712237.815924569
1662,256347.01873566117
1663,406443.1038239142
1664,928737.5758488616
1665,319164.9733447721
1666,390046.21204849984
1667,126662.30612662341
1668,398452.9500441542
1669,319580.0704884967
1670,333511.4848235389
1671,272432.2373925587
1672,456687.66304576304
1673,326128.2209113231
1674,328412.7525461009
1675,188485.67102128174
1676,188680.48789623287
1677,98617.64479195978
1678,712223.1023272565
1679,366490.669032692
1680,364508.86771744397
1681,126453.56785911229
1682,21325.261160193942
1683,184364.07471141126
1684,194560.1334621301
1685,147050.68803366926
1686,187761.39368626382
1687,220657.91482397076
1688,169536.0588057926
1689,208391.82313641068
1690,157196.43910200056
1691,120753.82722216751
1692,103054.58365158644
1693,157182.73128119763
1694,67863.53996633645
1695,144361.95826875325
1696,317279.8320741495
1697,188850.34606955107
1698,265667.3082833877
1699,-13124487.001528114
1700,256485.80418155994
1701,207008.60597295966
1702,276452.1553224316
1703,336422.14143448975
1704,318325.4259342393
1705,243259.8009445956
1706,803817.1569003304
1707,95148.00134430733
1708,153809.04957702663
1709,230543.51262149122
1710,248955.5643738499
1711,277134.1873903861
1712,274157.05208092835
1713,452487.17775869276
1714,403931.3241265407
1715,171477.18185810652
1716,102265.83695109095
1717,169050.69626568165
1718,118825.80011656787
1719,166771.44939084258
1720,-426383.84835958574
1721,173166.08720610943
1722,118626.11638343241
1723,73208.3264340004
1724,224506.4716635784
1725,83970.34897052404
1726,-554367.24903375
1727,135004.87150889542
1728,71504.18961240258
1729,56452.27471577283
1730,352382.58821805473
1731,392665.61239296105
1732,9500.20736285951
1733,97066.0038271239
1734,130060.30216589477
1735,18640.407419278286
1736,-252175.5349339703
1737,971020.5541747203
1738,-175587.18050789926
1739,-538330.3354122946
1740,110899.1445970675
1741,157922.47254291084
1742,-34149.40034040902
1743,79667.02553784754
1744,150117.28119674232
1745,314034.47076852527
1746,-307783.62360677216
1747,270864.7580798259
1748,194081.90216475632
1749,179481.09830874112
1750,-20247.115132779814
1751,602540.2393124988
1752,80523.61178617086
1753,304738.0022706678
1754,196336.12872031238
1755,-22387.22369939182
1756,765952.0777948042
1757,37498.51044624951
1758,576803.3212034246
1759,-287036.7169493744
1760,-560452.3847467015
1761,264301.27981646266
1762,154471.01271971967
1763,190800.08457447495
1764,-190946.95715843234
1765,312760.9338762304
1766,14389.968174248002
1767,-339679.2724462608
1768,194215.3494609287
1769,305796.62058013584
1770,76222.56901448872
1771,-250789.9838293502
1772,123144.6783122709
1773,-101788.63585330639
1774,636777.9917604169
1775,116680.13259053137
1776,1044396.2157942345
1777,41578.6147728255
1778,139206.67364047375
1779,931245.6059519043
1780,36395.23169192579
1781,169147.248679786
1782,-22836.043052093126
1783,306348.8166556647
1784,258224.53199171927
1785,-404435.0093238363
1786,6659875.586916327
1787,-19312.60714572016
1788,62477.23104314413
1789,-152701.13500751648
1790,-283414.97136427555
1791,872483.0706240376
1792,-127800.27897523437
1793,-235332.43338704202
1794,-150495.74741804693
1795,70119.43020208087
1796,786395.4413598767
1797,765074.911871939
1798,172503.7353174379
1799,-90674.01643626485
1800,238094.76353146043
1801,-84711.31276592705
1802,1688999.9122604867
1803,241853.86380621698
1804,-26172.884079487063
1805,139168.6611859193
1806,364341.3503930634
1807,-299590.3747196654
1808,21939.985482177697
1809,201709.66802769806
1810,-39457.97808841709
1811,398769.6652861973
1812,-329049.60783208255
1813,142866.99398228433
1814,199492.73133963253
1815,287258.9085816061
1816,-110433.16570229921
1817,311600.9610061785
1818,-69162.78353318665
1819,120953.10266388115
1820,318908.8329361519
1821,920654.5393584808
1822,102400.36825761106
1823,377351.13319829013
1824,396091.91769264545
1825,26467.61379369255
1826,136142.58453763928
1827,205693.5007228693
1828,156105.86095328536
1829,539334.7221853724
1830,395047.26947063114
1831,533685.3965031346
1832,429243.5021782508
1833,-111402.01570911799
1834,269908.82105253544
1835,1331449.2923120996
1836,183933.03540120926
1837,376906.6333490601
1838,-829193.5719428817
1839,-24262.072628454305
1840,97337.93157829251
1841,-141968.16999760363
1842,267092.29215602484
1843,200138.31884656753
1844,543182.4346091887
1845,68906.98922457453
1846,609390.4607533207
1847,1527108.985512673
1848,517346.4726193687
1849,2210889.265359669
1850,215860.0967185786
1851,28066.208685486577
1852,295730.2825424662
1853,218261.54113766458
1854,-40321.06502352748
1855,376948.0835692277
1856,263188.2897673538
1857,1477129.6235712757
1858,447008.7744287094
1859,813118.6283150008
1860,260312.949862211
1861,794209.8091127863
1862,-122189.31658493076
1863,-367721.8544375459
1864,-364910.1650588373
1865,443782.7095185807
1866,393201.88174991217
1867,215224.82672962453
1868,396147.3038739702
1869,294541.6161522558
1870,108520.50951987412
1871,358242.7000869801
1872,145242.5195844015
1873,623706.2862715116
1874,-23142.24908696208
1875,-140207.10255964193
1876,174288.03977340367
1877,160537.28368659224
1878,271618.82925897744
1879,72849.34036163893
1880,8969.832477151416
1881,115913.42930605914
1882,203710.7860922655
1883,116342.3143559685
1884,248899.46817636397
1885,3861.1317578246817
1886,401030.421881794
1887,62818.90026798751
1888,418185.1478940835
1889,162930.0783242425
1890,-338705.6224842975
1891,117683.41188485827
1892,-76162.90775555465
1893,-140060.99033893738
1894,121150.29160174634
1895,265403.7709704479
1896,158329.6923627397
1897,86998.63140941318
1898,109450.22495914903
1899,465829.5557879349
1900,-33183.39368163142
1901,-33181.48601661716
1902,411126.2150611719
1903,-195202.9225882748
1904,-91846.12188688014
1905,-192019.4021009067
1906,-1427809.9341830024
1907,979375.9843292227
1908,218069.61984318402
1909,100663.44134052005
1910,104847.70068004634
1911,1639664.2971799364
1912,-228183.330241994
1913,-926681.4180866042
1914,3809.477347075008
1915,363081.97916483786
1916,1765601.265557184
1917,541445.8823687723
1918,209411.31435796525
1919,-209648.56949877832
1920,286172.4920275202
1921,122042.52019721176
1922,141665.82153159287
1923,6200263.1446236065
1924,-479702.95137626026
1925,189209.5041582277
1926,566255.8175697913
1927,62884.21940398123
1928,269060.60922194924
1929,-183103.9896977255
1930,1039004.9549919209
1931,157432.22290894296
1932,99725.06014043
1933,-27387.374845267273
1934,101067.7596632978
1935,125982.50201816019
1936,21120.460675149225
1937,184452.48918823805
1938,-101074.56646135543
1939,135001.43324690964
1940,261566.97312354948
1941,189658.3696351489
1942,-20181.161859967746
1943,206588.42537161615
1944,327046.93705978896
1945,408517.7395212492
1946,-2615720.345660032
1947,231106.79497656133
1948,-5241958.356036664
1949,488684.1379574081
1950,124923.8707989147
1951,-44934.74341172073
1952,-279765.4523394117
1953,-279890.15785044525
1954,231424.35393266287
1955,144690.37290765252
1956,2330786.1019190243
1957,273858.99521215167
1958,-207217.1326005021
1959,32687.47045880463
1960,-57834.44958110247
1961,264021.4158785483
1962,84475.66087165382
1963,808532.8454489326
1964,-66383.28304635826
1965,-167559.98219277058
1966,-37591.86618448887
1967,206744.86747945752
1968,-3831682.1679472635
1969,176290.04187232163
1970,321161.53045691457
1971,1672956.9183500847
1972,447816.1535171261
1973,288685.26588885393
1974,192240.28001922276
1975,2265804.424140393
1976,104444.57233363297
1977,555318.4474015972
1978,560045.9529301366
1979,-210968.9467058787
1980,-15235.98915821407
1981,386843.1834681323
1982,12304.841028614901
1983,45419.117498635314
1984,102856.63701109495
1985,48685.73385223653
1986,257443.90699934866
1987,191491.19054920878
1988,140237.20516858902
1989,141636.19249316212
1990,191436.11730545666
1991,131992.93825325277
1992,141950.58375061955
1993,88633.3450671127
1994,-38058.340750918724
1995,112125.711313962
1996,284000.56701435056
1997,303084.85469210055
1998,168188.56125393417
1999,285065.0288766315
2000,291661.33266091254
2001,-256205.08962074015
2002,195454.92154624965
2003,368026.7671842268
2004,300009.2821541717
2005,75069.91845986154
2006,133134.79345318582
2007,235118.05571859982
2008,93657.38792037871
2009,701093.9670670619
2010,205535.92464415636
2011,-201903.59648731444
2012,181521.05732339527
2013,31699.656274451874
2014,53326.84539782908
2015,-840782.3809474716
2016,127694.42180447187
2017,121565.62747342791
2018,-1366539.9610624323
2019,82110.24973156955
2020,-354447.0609825263
2021,268784.42160792556
2022,-50257.765998364426
2023,588246.8800238362
2024,469664.63133123424
2025,373968.8897579899
2026,54700.76457904186
2027,-55308.4053506786
2028,-91603.06695783231
2029,-4470.2242668503895
2030,394826.89925748017
2031,344043.9839521041
2032,236108.61343103554
2033,222311.724691852
2034,-76062.79618843738
2035,92121.40024123248
2036,232235.30714338925
2037,207710.46531487908
2038,-2354847.616879002
2039,328341.08882212546
2040,-883749.6298086056
2041,-885263.1709688613
2042,110025.15986220445
2043,594247.6207921198
2044,667237.9908777615
2045,-1154980.6518675843
2046,225259.15141034033
2047,13886.822962819599
2048,-193616.97498282883
2049,475944.7541311523
2050,15328.936530596577
2051,1022511.566790021
2052,387359.1475245645
2053,80048.23830382433
2054,35437.34174977895
2055,168287.15650771465
2056,914371.6796479365
2057,128404.06472994294
2058,-241608.24264055584
2059,124149.01468582358
2060,-410362.1349448571
2061,417597.6770351222
2062,118520.66798938718
2063,-31489.054576397873
2064,155550.38006591704
2065,-156973.46680641267
2066,7550626.814198851
2067,2486614.5590750864
2068,593398.6409707358
2069,444364.3052238589
2070,97698.70963679906
2071,-457751.4847996393
2072,1482488.6326884767
2073,210479.8338397881
2074,29516738.071981862
2075,-339845.53666445706
2076,208622.44128577318
2077,519719.6514509758
2078,-302048.04591938946
2079,-35950.92326158378
2080,49496.53058078792
2081,9411.277439936064
2082,404599.2084815791
2083,174717.43979936745
2084,52772.888663872145
2085,234576.33048859145
2086,1242618.033883228
2087,223902.42055471148
2088,612313.5934386393
2089,159120.5934155127
2090,427483.0246583512
2091,503098.23080219235
2092,474595.08712172415
2093,270534.70421427395
2094,307580.28300382104
2095,79525.37497176137
2096,184651.05452300515
2097,-486894.4411788443
2098,470070.45220972504
2099,72013.62597109284
2100,668438.352705746
2101,237571.91339883115
2102,-372886.62216426525
2103,-43491.0240517566
2104,146172.40853136685
2105,-97796.23006036971
2106,484657.3486088207
2107,1041769.9077078095
2108,-17337.830929876305
2109,173294.12624287512
2110,423638.7220878294
2111,404811.13806314673
2112,219230.3487409344
2113,17337.53197620716
2114,642303.3334856695
2115,172389.77413546946
2116,249139.46579666343
2117,315859.8564383229
2118,-828.2901522452012
2119,101220.6172341397
2120,540048.0549055105
2121,-9554.175973863341
2122,-334548.6819594214
2123,893332.3994864365
2124,123924.73606657889
2125,24903.801658286713
2126,-17108.165483237244
2127,-11220.306934402324
2128,-159066.52904413734
2129,332101.0160375079
2130,-269719.89243580494
2131,4126790.8085386893
2132,215438.89521261957
2133,-45482.539653615095
2134,-175519.25795020256
2135,-432822.6547259996
2136,401649.7578833094
2137,25414.204370259307
2138,11565.859900875948
2139,278192.04957231786
2140,-544213.7878834018
2141,525481.3868897399
2142,18255.052819564007
2143,1296318.2047012737
2144,-820609.4355475465
2145,66981.94751331117
2146,-81228.4708734611
2147,-57660.76247915719
2148,45553.18551120069
2149,221942.58236096706
2150,587858.5549417427
2151,269305.2627227148
2152,659172.8256802848
2153,181029.50963078346
2154,-156616.12307479326
2155,-402259.69201979134
2156,-126630.61269474123
2157,562500.5789043
2158,1617.0839121630415
2159,337959.0890291473
2160,127549.9992348468
2161,493004.6597061744
2162,2763627.1187419584
2163,494470.1983697107
2164,274660.7746316781
2165,25640.886759235524
2166,-2322.6164104649797
2167,124129.94373679068
2168,5054.345002769493
2169,-98794.21726700012
2170,11528751.333769262
2171,-217618.98896119092
2172,87128.4502508333
2173,-2644517.030576826
2174,226063.97251658048
2175,96389.96347018983
2176,262417.3999893209
2177,266124.86056549754
2178,209551.972801744
2179,35633.60423570778
2180,549.7554279556498
2181,138540.78711181786
2182,190619.9598792037
2183,169396.37509433832
2184,-10405.105276898481
2185,749273.5132979443
2186,210288.02034880128
2187,112845.74725475814
2188,148223.22394857462
2189,8904412.406843692
2190,890389.5837732246
2191,1120274.7020235946
2192,-414743.8295103172
2193,-182016.33371624444
2194,26535.61424013134
2195,3234049.1503937235
2196,791787.8721140614
2197,6155.016479595564
2198,184864.6099142572
2199,212717.96781808045
2200,-723495.3574796328
2201,-368157.3786284486
2202,132028.69722641166
2203,-316651.25076888595
2204,266557.76807975676
2205,306995.6492024651
2206,-219525.34474346135
2207,1207895.6560652247
2208,74592.50964781549
2209,-389486.497534127
2210,106268.19147559162
2211,-325620.369528071
2212,87370.81390258577
2213,-421675.2959635714
2214,164059.68067951407
2215,81751.78241982963
2216,378142.8980925819
2217,499085.3164468622
2218,-113059.93498377595
2219,114797.13910324778
2220,132854.71094681975
2221,433468.31264373567
2222,241218.72130358126
2223,-712272.1217167834
2224,458016.88247331884
2225,29588.05815833714
2226,749487.9853307
2227,372191.8010024121
2228,150604.3148653051
2229,8146.1018644711
2230,230173.34151594248
2231,-34865.936903447844
2232,-206183.5566492686
2233,194214.6194914868
2234,123608.31719615962
2235,288240.71731510665
2236,408137.66710352805
2237,188843.63560627308
2238,-60475.392193824984
2239,200791.02803859022
2240,-103048.25570932124
2241,1352079.0021761348
2242,-28261.487679437734
2243,-61157.352527298965
2244,-164848.2406575689
2245,162520.32302245405
2246,147075.88426387217
2247,-236241.72840717528
2248,111820.37484942283
2249,-82669.11695315037
2250,109119.06747314241
2251,9821480.71003297
2252,191115.00998318102
2253,176680.5450994959
2254,233778.17938613798
2255,172901.63264185097
2256,-165220.80901704822
2257,107533.49111364689
2258,143192.38841196802
2259,170826.84890322294
2260,-1133784.040513576
2261,98789.3190951487
2262,108026.41331240442
2263,86433.89379307535
2264,-6848573.70379302
2265,621088.6956498465
2266,21979.384350865148
2267,621080.0361533007
2268,1034221.8959829947
2269,146772.14134327974
2270,-160096.15812454466
2271,406687.44285738375
2272,134781.95565262344
2273,-66319.17001444194
2274,-110936.4310408989
2275,-816510.7173410067
2276,-719716.2158394614
2277,-264730.1635510484
2278,450347.7482497385
2279,-601317.0145703265
2280,-132346.59831693862
2281,123594.34726580884
2282,-296643.93122777436
2283,-72339.82011523191
2284,-146513.33775623236
2285,-35874.06438776944
2286,-102604.7292800704
2287,234709.4363865247
2288,206250.62188517954
2289,435488.860452204
2290,691769.4888666859
2291,287531.7762457719
2292,1505301.7027695766
2293,837973.9105543336
2294,523604.3143446436
2295,482328.21618845966
2296,-723025.676420928
2297,223837.0399610689
2298,259824.64615958836
2299,625288.4370823344
2300,41709.68895704951
2301,223611.1362726828
2302,272129.3518232098
2303,256044.537997975
2304,249990.3802230945
2305,86098.32113693561
2306,117913.38038770761
2307,103441.90943395998
2308,245466.56882229354
2309,102003.64037915971
2310,-37773.003812165
2311,240908.16929255333
2312,345138.4903723961
2313,68627.91652439442
2314,141060.62197543588
2315,120160.28222408798
2316,-6127.6660581687465
2317,1612733.9877434364
2318,-595.3673365274444
2319,28112.723559482954
2320,-28104.325089485385
2321,507696.08668008354
2322,56777.591024442576
2323,150185.29307909217
2324,427260.32566166576
2325,307495.94672134425
2326,420532.1275682589
2327,20437.39057648834
2328,36574.809286906384
2329,37520.11590412166
2330,402610.8591443738
2331,657219.3084738245
2332,61598.831867082976
2333,296829.74891912844
2334,258639.02807626035
2335,7169.926914959215
2336,203149.6694193175
2337,-205992.1677283654
2338,200658.4694858482
2339,336135.62458640244
2340,64461.84395754244
2341,46694.95913091209
2342,2398.1460819533095
2343,332003.22849237826
2344,228668.79301626887
2345,306027.61829855945
2346,-33121.11661747191
2347,7095.217202811502
2348,-6210.036902711727
2349,212286.07437862363
2350,126071.8506606957
2351,18123.50035408046
2352,124058.19836991932
2353,425777.04401816335
2354,133170.32352682855
2355,11564.734027146362
2356,-96258.58693514857
2357,174818.95891868975
2358,29350.857226102613
2359,260165.56186440494
2360,-146079.74054402206
2361,173474.32760867383
2362,555807.5780644258
2363,14693.646078824066
2364,161676.1094677588
2365,191038.99015432503
2366,-20908.524568126537
2367,138003.80091161933
2368,40935.674566223286
2369,160833.75863757636
2370,-83227.62943570409
2371,-324003.1245931247
2372,-171723.28159922455
2373,-341581.7689818749
2374,906819.952486678
2375,1012212.7163744112
2376,125101.4565761378
2377,-4022518.0336736003
2378,3103.4602017244324
2379,372700.6254855832
2380,148943.15585364308
2381,-95315.41313341353
2382,1031014.7393887928
2383,82635.80559654441
2384,184485.3308855137
2385,58885.538478969596
2386,50556.7542069545
2387,-65971.11278921459
2388,1128001.5475871703
2389,178616.0430832794
2390,112008.30653083231
2391,509793.8873631051
2392,40921.151483907364
2393,67865.69907523599
2394,279821.5735865226
2395,-35321.93919452373
2396,-386861.3019258538
2397,542939.173296689
2398,-411282.4153887341
2399,-59426.854109452106
2400,4746331.719254932
2401,-951590.694327862
2402,-224358.56219133828
2403,679536.400082021
2404,284531.93468564656
2405,396950.55483239796
2406,433551.1402939996
2407,-90491.97672101948
2408,405280.0154111227
2409,349743.62560908403
2410,174867.22379456367
2411,74004.08129542973
2412,273676.5824151775
2413,167417.93564912584
2414,-34009.92636166606
2415,527304.7414922705
2416,107802.83918541577
2417,-220474.85232398007
2418,-910481.224912853
2419,-37936.04443052504
2420,292900.3013875922
2421,-185216.0816112766
2422,362618.1317967912
2423,-21927.29117792938
2424,6849119.682720303
2425,2663479.3919441095
2426,-544771.9455794701
2427,-431264.6904950077
2428,-2719700.176609219
2429,-8963.686182440259
2430,-289333.24926216993
2431,31742.117967202328
2432,-120506.01968202088
2433,67601.9585112324
2434,118720.0297939917
2435,-319056.0741244415
2436,1085685.4951348444
2437,-540988.8650029311
2438,-26997.870626823045
2439,116665.31581284013
2440,237507.58360575046
2441,-157634.74080322776
2442,282004.25175133254
2443,151026.06739762332
2444,-741493.4316581497
2445,-1103826.0130701223
2446,374366.24775011744
2447,-215149.09932354186
2448,-234108.37141834293
2449,410209.66733334865
2450,-497612.809142367
2451,-207169.1974602798
2452,410185.3422852298
2453,537262.9757756582
2454,2417637.3016365757
2455,-607936.4425989101
2456,46935.50909025874
2457,72456.14101437386
2458,77371.71055088844
2459,120568.60371059086
2460,399097.96225367393
2461,21862.73859115597
2462,234355.2074909499
2463,276918.41901299264
2464,322485.4427325716
2465,-94089.72197741363
2466,320165.90836225357
2467,-150252.82043996546
2468,170197.43330873456
2469,490944.27424704935
2470,650201.6824935516
2471,-3022636.1395613262
2472,-479742.23496931884
2473,-204258.93639174197
2474,932479.7875619968
2475,530903.4328638455
2476,-73703.62653233949
2477,-463654.4103559712
2478,253571.4668654641
2479,142488.89334183838
2480,-315505.78482267354
2481,782476.4508466413
2482,-69057.6334011415
2483,-27389.81134542916
2484,-1233089.8643720904
2485,-510588.2683966914
2486,-623350.7721809605
2487,3191786.50459396
2488,-126815.40693543945
2489,464028.1563491514
2490,-1204500.9194962839
2491,994678.2639127066
2492,451301.85739362147
2493,847255.2152787438
2494,-357079.7452646503
2495,244944.20624351408
2496,2090612.871415048
2497,483311.8747926196
2498,230344.30714066233
2499,1435933.8222205034
2500,-662904.8555194149
2501,156283.23429658916
2502,-310.6719359466806
2503,591726.7901497772
2504,-12464793.537580132
2505,81026.50903895404
2506,447848.0072112819
2507,519033.51551170554
2508,443197.5383738866
2509,370073.1471671602
2510,348533.2375388881
2511,13448.573504283093
2512,-27607.462805495597
2513,-1421686.6184657225
2514,2680234.1014608135
2515,116286.64841699507
2516,-151748.4027315313
2517,-132788.784917132
2518,201531.83499625232
2519,87524.61862017121
2520,-125588.19004213903
2521,26174.096136181615
2522,-15184.024963886477
2523,83452.8317171922
2524,216422.9819448879
2525,-33768.80249184463
2526,305790.6183057716
2527,759867.029066979
2528,-262609.5893104682
2529,26600.010065062903
2530,717013.0471173963
2531,548341.2986359289
2532,-35124.17341400776
2533,290450.98681935575
2534,-1169650.9019696722
2535,154163.34672319796
2536,425357.147768273
2537,338224.0951963952
2538,-7578.801723645069
2539,-136090.5084460387
2540,60906.19288828876
2541,61181.14386002626
2542,-51897.0847552428
2543,-559117.9639383564
2544,2370918.674224197
2545,-705692.5652557323
2546,321999.88763235416
2547,513265.6198375812
2548,-29042.125500411727
2549,-155188.08106860612
2550,2273554481.0103374
2551,186010.83159693982
2552,-1145403.889033259
2553,2040712.0064054718
2554,-341279.9763146797
2555,-1506102.7073717127
2556,60476.07238934841
2557,-17149.758409769274
2558,-6569691.336158575
2559,291768.917400687
2560,-581552.7912289808
2561,145999.91871105786
2562,-269822.0304432744
2563,287836.54615238216
2564,-347597.9660753468
2565,4416577.423923156
2566,643376.4965000143
2567,-232531.5068174014
2568,-437583.0756170014
2569,-851974.2501923749
2570,39297.37901022192
2571,395841.7589522591
2572,113753.2021757504
2573,303387.5117695173
2574,9203514.748461962
2575,306557.7450804403
2576,-244728.29272220377
2577,-150466.15291595552
2578,-69866.93635317776
2579,2020460.056247822
2580,328861.9241274437
2581,-954346.1798663596
2582,214520.20040459838
2583,-224675.16328132246
2584,-45651.76729296241
2585,-8433.627024159767
2586,-10636.472729668953
2587,161513.54481404927
2588,-155702.30302807782
2589,276661.7693703016
2590,480628.37800386455
2591,-3981697.0108712027
2592,258731.43492983188
2593,211905.37524396088
2594,-80053.10241215024
2595,211516.03778426256
2596,-167253.15789389703
2597,144529.2043061694
2598,8146.220985575579
2599,1037598.998372986
2600,11423916.009945363
2601,-686002.8992240438
2602,-56059.80238399003
2603,21932.268873034976
2604,-260580.4134318987
2605,212480.24159735348
2606,240589.674801155
2607,2082510.4187594047
2608,1848311.5381399682
2609,-105115.53111788724
2610,-292556.8934956277
2611,18493.18974776473
2612,139352.99258987512
2613,-105069.58089350257
2614,-256117.89843167458
2615,-478908.47595685814
2616,-986691.1310893903
2617,926365.9817487886
2618,-4303938.721080513
2619,176459.30122625735
2620,129863.98642179277
2621,162953.7222381374
2622,124074.94675677922
2623,23395.784397020005
2624,828461.9160345485
2625,352917.2786726495
2626,-290552.3895648578
2627,54537.044662847184
2628,254746.59539213683
2629,432228.79509250727
2630,509130.21999724116
2631,282045.22810101416
2632,837617.4037501505
2633,58826.0461567333
2634,1563704.2722841492
2635,166832.67070166674
2636,346838.957859545
2637,605545.0070184907
2638,-392192.8725368092
2639,299446.27999626007
2640,-57093.27909514401
2641,829521.0903696707
2642,-156164.15794803295
2643,-203853.48519329075
2644,-89676.60964395199
2645,-541461.3617782975
2646,-463686.1614474589
2647,507964.29841104057
2648,-679604.9199399957
2649,88414.92258016672
2650,-1802333.4929647157
2651,-6932.865137175657
2652,44284.52722377982
2653,239474.3459821483
2654,367119.5460437527
2655,1439425.512142419
2656,180654.54734060075
2657,63849.2986886045
2658,140360.02275842335
2659,207459.88176675048
2660,409210.5368232718
2661,111251.84287640359
2662,-438705.3342807153
2663,303002.7472789576
2664,169152.37839311268
2665,145641.46942344215
2666,-86764.22734566126
2667,87870.07861594763
2668,-116237.6574211875
2669,175560.79447764065
2670,188910.66923130956
2671,-31148.592081815936
2672,366786.24926423933
2673,404897.17970696
2674,649164.3290286651
2675,103414.85725200083
2676,-11031.92098888848
2677,70748.51154483762
2678,569513.326523318
2679,385638.511768206
2680,121695.85994952824
2681,250985.60785826948
2682,-566026.329243199
2683,-14374658.017549798
2684,394474.0810114732
2685,-322063.3321412513
2686,446376.753715246
2687,-324949.7234052727
2688,202326.02218770888
2689,-138497.41920307372
2690,210927.5529246321
2691,108854.21844217088
2692,114989.01028281357
2693,-20609.47036868427
2694,182724.37891331222
2695,1579.0567875942215
2696,-33457.932820492424
2697,-48985.482702703215
2698,5477145.800896286
2699,-136883.80368849728
2700,-158409.0398165891
2701,-234335.93832033966
2702,499897.43077011313
2703,1777450.0922572305
2704,682495.7488672575
2705,-33278.41712257359
2706,-674278.8816876272
2707,-301693.0973963002
2708,-34219.17703293357
2709,-283003.51019936893
2710,97435.85958801117
2711,1843776.426584064
2712,104413.13806714024
2713,-209165.34121623728
2714,-148045.3690707544
2715,-347413.41545137856
2716,-495375.16148614977
2717,451165.2083537197
2718,-68480.97534100804
2719,-891880.6490286151
2720,-551088.0281801233
2721,148302.04036056902
2722,-5965931.700154097
2723,-466931.47879672144
2724,69068.14839994814
2725,54944.14694458153
2726,-598415.582254068
2727,-3490600.633324803
2728,-396199.79831269477
2729,409698.7245777091
2730,-94255.90676078293
2731,-181040.24891583715
2732,130083.1134395441
2733,326065.3336470863
2734,-223890.73322302196
2735,160808.24945038464
2736,636903.1345096817
2737,-95051.41047594044
2738,474697.96164174285
2739,-54373.57851937506
2740,-451011.1292154202
2741,252238.1246435335
2742,405814.5814620694
2743,-761274.5538139055
2744,-944419.3911840329
2745,-570314.6571214357
2746,-76208.50350262318
2747,630361.1320450297
2748,1022436.0721996566
2749,-262258.9818928102
2750,-5558233.913991452
2751,-439822.8316254476
2752,2717335.798832088
2753,1377165.0195465973
2754,-232415.7324149469
2755,330214.46993309166
2756,-738691.0378137985
2757,926455.1617958536
2758,301388.79178448673
2759,-18711.867307254113
2760,1153518.762541606
2761,539517.9729005983
2762,-417624.8293269882
2763,-339517.71457299683
2764,5369068.898665725
2765,1629985.1403598925
2766,464251.7407791456
2767,1492313.8193299463
2768,59676.49867416825
2769,-109507.94354708586
2770,141680.83814401831
2771,51156.69614474382
2772,-193579.4708348671
2773,620634.8549603587
2774,7338.940967067145
2775,629516.2332983157
2776,-267217.3083597431
2777,-197427.78091397975
2778,214423.70214647707
2779,-387491.01960462425
2780,-578605.0165032605
2781,-191766.72143241856
2782,1048516.8647222957
2783,-156134.0653060982
2784,-665910.4656638363
2785,21430.076349391602
2786,-81546.25089460704
2787,-76606.4832491884
2788,574935.5882496973
2789,-579132.9258541325
2790,-1117171.0466243932
2791,22725679.583887577
2792,61716.609566300176
2793,720413.0098579815
2794,148854.2014245009
2795,329306.9517820617
2796,362680.18858159985
2797,-8155.824848995544
2798,500294.7138418695
2799,-684020.0701830322
2800,-269141.5493894378
2801,228684.32545669284
2802,573495.0675794324
2803,255908.3427932402
2804,8827133.369310722
2805,1225092.716889738
2806,356175.5836629262
2807,-403918.32218620274
2808,412673.0500256559
2809,-283965.58245223854
2810,-235198.1539974371
2811,-4418166.934554101
2812,157953.5555914333
2813,1282050.5353944888
2814,992444.8914755275
2815,426329.5603188565
2816,-143622.92008164618
2817,1114906.651606231
2818,-726057.839001433
2819,-68555.87231589202
2820,572424.4607432475
2821,806875.3226150563
2822,4784466.417552172
2823,1776999.7174445977
2824,3494938.236755668
2825,9129371.938118085
2826,-227038.1478402475
2827,105613.35079763737
2828,1430778.6275411686
2829,3874513.8896082183
2830,15470.5817852607
2831,67587.61985495593
2832,288403.18705430534
2833,-121718.9989511082
2834,153195.47581827547
2835,304820.44972151425
2836,-129706.94113324676
2837,116536.82893749978
2838,-192701.62777425442
2839,245932.12040330376
2840,-220483.1479970673
2841,-257611.3952367613
2842,-136069.09924763534
2843,71688.75464693364
2844,-547608.4224811802
2845,-430773.2912130961
2846,68972.59605599847
2847,-48056.723479003645
2848,-149122.2302051196
2849,-201085.35483352933
2850,-27219.700310737826
2851,390414.5339417299
2852,-118667.88114911411
2853,-159134.38154479954
2854,-202740.57673065457
2855,-53130.16530856583
2856,-211420.82831554208
2857,-2377.500023388304
2858,-228789.17812308762
2859,-1129244.5810439298
2860,-927274.2662609676
2861,-238078.57757900748
2862,260827.11258591618
2863,-649860.0172512541
2864,4695.544727950357
2865,502546.9349183729
2866,-182815.6738458732
2867,-74071.840765954
2868,308791.8766646674
2869,931673.5573761752
2870,226833.42761774268
2871,5378414.2024487695
2872,807567.2818687027
2873,1152670.161216556
2874,15760.41455003526
2875,-200011.49285747204
2876,-170817.0123864645
2877,56545.38397349324
2878,181814.4334023809
2879,-9527.784221322276
2880,92165.02636217233
2881,-2036230.6099245707
2882,814123.8274053624
2883,411679.5086252233
2884,870486.9719618848
2885,330883.05729363766
2886,251784.4601114532
2887,195349.25052331295
2888,290026.8189768931
2889,-48596.38605965022
2890,364906.65414466616
2891,192012.02407513466
2892,866396.7513370058
2893,-528182.873847709
2894,-178819.14115527365
2895,-626314.1792506436
2896,-59473.65610727761
2897,-269807.2529102871
2898,613562.868374764
2899,148681.04303052928
2900,7972.343291177414
2901,143801.1378700873
2902,-292311.43855893705
2903,930238.6746681323
2904,-33781.879694879986
2905,4201286.037901654
2906,28361.899083792232
2907,271173.33800968435
2908,-851812.2368684718
2909,879714.2000757447
2910,-508162.4304286996
2911,-108295.25131642912
2912,632767.9858146599
2913,-304364.54138568137
2914,-278653.3933839435
2915,-578347.8144896114
2916,-205608.73535731528
2917,132639.93539623823
2918,-580898.3483018437
2919,134927.81904579606
